{"cameraMode":{"drawMode":0,"name":"Shaded","section":"Shading Mode"},"sceneLighting":true,"audioPlay":false,"sceneViewState":{"m_AlwaysRefresh":false,"showFog":true,"showSkybox":true,"showFlares":true,"showImageEffects":true,"showParticleSystems":true,"showVisualEffectGraphs":true,"m_FxEnabled":true},"in2DMode":false,"pivot":{"x":-1.1692368984222413,"y":1.7311040163040162,"z":-0.013177335262298584},"rotation":{"x":0.008791115134954453,"y":0.9869520664215088,"z":-0.05780204012989998,"w":0.15007025003433228},"size":3.866024971008301,"orthographic":false}