{"cameraMode":{"drawMode":0,"name":"Shaded","section":"Shading Mode"},"sceneLighting":true,"audioPlay":false,"sceneViewState":{"m_AlwaysRefresh":false,"showFog":true,"showSkybox":true,"showFlares":true,"showImageEffects":true,"showParticleSystems":true,"showVisualEffectGraphs":true,"m_FxEnabled":true},"in2DMode":false,"pivot":{"x":-5.6121721267700199,"y":2.9927825927734377,"z":-2.4952890872955324},"rotation":{"x":0.20770123600959779,"y":0.1819155216217041,"z":-0.039349302649497989,"w":0.9603354930877686},"size":5.1635003089904789,"orthographic":false}